{
    "currentLevel": 2,
    "stars": [
        0,
        0,
        0
    ],
    "hearts": [
        3,
        3,
        0
    ],
    "time": [
        11.682670593261719,
        26.284395217895509,
        0.0
    ]
}