{
    "currentLevel": 0,
    "highestLevel": 1,
    "stars": [
        0,
        0
    ],
    "hearts": [
        3,
        3
    ],
    "time": [
        3.3201026916503908,
        5.927265644073486
    ]
}