{
    "currentLevel": 0,
    "highestLevel": 1,
    "stars": [
        0,
        0
    ],
    "hearts": [
        3,
        3
    ],
    "time": [
        1.981472134590149,
        1.2048649787902833
    ]
}