{
    "currentLevel": 0,
    "stars": [
        0,
        0,
        0
    ],
    "hearts": [
        3,
        3,
        0
    ],
    "time": [
        0.7331151366233826,
        32.1301155090332,
        0.0
    ]
}