{
    "currentLevel": 1,
    "stars": [
        0,
        1,
        0
    ],
    "hearts": [
        3,
        3,
        0
    ],
    "time": [
        16.001672744750978,
        31.845046997070314,
        0.0
    ]
}