{
    "currentLevel": 1,
    "highestLevel": 1,
    "stars": [
        2,
        0
    ],
    "hearts": [
        3,
        1
    ],
    "time": [
        252.25421142578126,
        9.497041702270508
    ]
}